[{"id":"user-image-logo.png","fileName":"logo.png","name":"logo","publicUrl":"https://assets.nicepagecdn.com/8712cb5a/4382739/images/logo.png","size":4672,"hash":"C7lliqWXV9a59Tc701kGqqulB2s=","width":137,"height":104,"thumbnail":{"url":"https://assets.nicepagecdn.com/8712cb5a/4382739/images/logo.png","width":137,"height":104},"usages":[]},{"id":"user-image-20837.png","fileName":"20837.png","name":"20837","publicUrl":"https://assets.nicepagecdn.com/8712cb5a/4382739/images/20837.png","size":982,"hash":"AQAaR3cbSAutGcSaZWy7AjSJMk0=","width":128,"height":128,"thumbnail":{"url":"https://assets.nicepagecdn.com/8712cb5a/4382739/images/20837.png","width":128,"height":128},"usages":[]},{"id":"user-image-3661391.png","fileName":"3661391.png","name":"3661391","publicUrl":"https://assets.nicepagecdn.com/8712cb5a/4382739/images/3661391.png","size":2514,"hash":"KsjXIiug10prOj+p4pDP8LQ7mpI=","width":128,"height":128,"thumbnail":{"url":"https://assets.nicepagecdn.com/8712cb5a/4382739/images/3661391.png","width":128,"height":128},"usages":[]},{"id":"user-image-152810.png","fileName":"152810.png","name":"152810","publicUrl":"https://assets.nicepagecdn.com/8712cb5a/4382739/images/152810.png","size":1731,"hash":"4+gaMh8yf2qdrLWL4R25bPrEgq8=","width":128,"height":128,"thumbnail":{"url":"https://assets.nicepagecdn.com/8712cb5a/4382739/images/152810.png","width":128,"height":128},"usages":[]},{"id":"user-image-1384044.png","fileName":"1384044.png","name":"1384044","publicUrl":"https://assets.nicepagecdn.com/8712cb5a/4382739/images/1384044.png","size":1685,"hash":"aJe3wfge8Yf8ZKNV28mDWhGhvu8=","width":128,"height":128,"thumbnail":{"url":"https://assets.nicepagecdn.com/8712cb5a/4382739/images/1384044.png","width":128,"height":128},"usages":[]},{"id":"user-image-747374.png","fileName":"747374.png","name":"747374","publicUrl":"https://assets.nicepagecdn.com/8712cb5a/4382739/images/747374.png","size":1471,"hash":"YRsWJPsZrtxZT6YPxeqMU3ETgoU=","width":128,"height":128,"thumbnail":{"url":"https://assets.nicepagecdn.com/8712cb5a/4382739/images/747374.png","width":128,"height":128},"usages":[]},{"id":"user-image-49084.png","fileName":"49084.png","name":"49084","publicUrl":"https://assets.nicepagecdn.com/8712cb5a/4382739/images/49084.png","size":3325,"hash":"IgWiyG6Glmw6j2H3YxRAPVux4WI=","width":128,"height":128,"thumbnail":{"url":"https://assets.nicepagecdn.com/8712cb5a/4382739/images/49084.png","width":128,"height":128},"usages":[]},{"id":"user-image-717392.png","fileName":"717392.png","name":"717392","publicUrl":"https://assets.nicepagecdn.com/8712cb5a/4382739/images/717392.png","size":3433,"hash":"yEOXqItpHBNKA0rghE2WfLNCvm4=","width":128,"height":128,"thumbnail":{"url":"https://assets.nicepagecdn.com/8712cb5a/4382739/images/717392.png","width":128,"height":128},"usages":[]},{"id":"user-image-665226.png","fileName":"665226.png","name":"665226","publicUrl":"https://assets.nicepagecdn.com/8712cb5a/4382739/images/665226.png","size":2811,"hash":"/iUdQKykpB1+EXLHP1WuYlEjCKI=","width":128,"height":128,"thumbnail":{"url":"https://assets.nicepagecdn.com/8712cb5a/4382739/images/665226.png","width":128,"height":128},"usages":[]},{"id":"user-image-1c67e0d55b1fc1fe2ee86ca43faba88707aa485b6c80f1062bb59b8c64a3ed7849dfc6293e9e57fc8b982a05d052f4d3d795dddcd94e23094012f4_1280.jpg","fileName":"1c67e0d55b1fc1fe2ee86ca43faba88707aa485b6c80f1062bb59b8c64a3ed7849dfc6293e9e57fc8b982a05d052f4d3d795dddcd94e23094012f4_1280.jpg","name":"1c67e0d55b1fc1fe2ee86ca43faba88707aa485b6c80f1062bb59b8c64a3ed7849dfc6293e9e57fc8b982a05d052f4d3d795dddcd94e23094012f4_1280","publicUrl":"https://assets.nicepagecdn.com/8712cb5a/4382739/images/1c67e0d55b1fc1fe2ee86ca43faba88707aa485b6c80f1062bb59b8c64a3ed7849dfc6293e9e57fc8b982a05d052f4d3d795dddcd94e23094012f4_1280.jpg","size":81434,"hash":"AwwXbYRhjY7S3DNnyhr03Iwe9fk=","width":1280,"height":857,"thumbnail":{"url":"https://assets.nicepagecdn.com/8712cb5a/4382739/images/thumbnails/1c67e0d55b1fc1fe2ee86ca43faba88707aa485b6c80f1062bb59b8c64a3ed7849dfc6293e9e57fc8b982a05d052f4d3d795dddcd94e23094012f4_1280.jpg","width":150,"height":100},"usages":["4382740"]},{"id":"user-image-unnamed.jpg","fileName":"unnamed.jpg","name":"unnamed","publicUrl":"https://assets.nicepagecdn.com/8712cb5a/4382739/images/unnamed.jpg","size":15719,"hash":"5Xv5awidGB+Z/ENx9TTcjSFwTz4=","width":176,"height":176,"thumbnail":{"url":"https://assets.nicepagecdn.com/8712cb5a/4382739/images/thumbnails/unnamed.jpg","width":150,"height":150},"usages":[]},{"id":"user-image-FundodeunnamedRemovido.png","fileName":"FundodeunnamedRemovido.png","name":"FundodeunnamedRemovido","publicUrl":"https://assets.nicepagecdn.com/8712cb5a/4382739/images/FundodeunnamedRemovido.png","size":37056,"hash":"eL4Mh2p3MvsfphjNouv8iUd5vuU=","width":176,"height":176,"thumbnail":{"url":"https://assets.nicepagecdn.com/8712cb5a/4382739/images/thumbnails/FundodeunnamedRemovido.png","width":150,"height":150},"usages":[]}]